,Company,% Clicks,% Spend,% Impressions
0,Google,0.2309435541582559,0.1256053313547665,0.0
1,TikTok,0.41472060929691507,0.258435438505687,0.47194791307808504
2,Facebook,0.4629591541699028,0.6962067125503868,0.6347355177801142
