Company,Avg CPC,Avg CPM
Google,0.4550274241972089,0.0
TikTok,0.420397805336655,1.629757795244157
Facebook,1.634443605942582,5.236620289828648
